선수명,시즌,갱신패턴,갱신분
호날두,NO7,홀수시,56
셰우첸코,NO7,홀수시,56
피구,NO7,홀수시,56
베컴,NO7,홀수시,56
라울,NO7,홀수시,56
피레스,NO7,홀수시,56
로시츠키,NO7,홀수시,56
히데토시,NO7,홀수시,56
손흥민,NO7,홀수시,57
포를란,NO7,홀수시,57
베스트,NO7,홀수시,57
박지성,NO7,홀수시,57
자이르지뉴,NO7,홀수시,57
달글리시,NO7,홀수시,57
사카,NO7,홀수시,57
캉테,NO7,홀수시,57
칸토나,NO7,홀수시,57
라르손,NO7,홀수시,57
디아스,NO7,홀수시,57
하미레스,NO7,홀수시,57
네투,NO7,홀수시,57
마레즈,NO7,홀수시,57
부트라게뇨,NO7,홀수시,58
리베리,NO7,홀수시,58
비에이라,WB,홀수시,26
베컴,WB,홀수시,26
지단,WB,홀수시,27
마테우스,WB,홀수시,27
칸나바로,WB,홀수시,27
피레스,WB,홀수시,27
앙리,WB,홀수시,27
오언,WB,홀수시,28
말디니,WB,홀수시,28
램파드,WB,홀수시,28
지울리,WB,홀수시,28
부폰,WB,홀수시,28
카시야스,WB,홀수시,28
클라위베르트,WB,홀수시,29
퍼디난드,WB,홀수시,29
크레스포,WB,홀수시,29
카누,WB,홀수시,29
호날두,WB,홀수시,30
델피에로,WB,홀수시,30
캐릭,WB,홀수시,30
제라드,WB,홀수시,30
애슐리,WB,홀수시,30
카프데빌라,WB,홀수시,30
조콜,WB,홀수시,30
호나우두,WB,홀수시,31
라울,WB,홀수시,31
토레스,WB,홀수시,31
알론소,WB,홀수시,31
캐러거,WB,홀수시,31
레들리킹,WB,홀수시,31
체흐,WB,홀수시,31
루니,WB,홀수시,32
스네이더,WB,홀수시,32
바조,WB,홀수시,32
베르너,WB,홀수시,32
무어,WB,홀수시,32
슈바인슈타이거,WB,홀수시,32
파브레가스,WB,홀수시,33
벤제마,WB,홀수시,33
구티,WB,홀수시,33
모리엔테스,WB,홀수시,33
바레시,WB,홀수시,33
노이어,WB,홀수시,33
요리스,WB,홀수시,33
메시,WB,홀수시,34
베켄바우어,WB,홀수시,34
베일,WB,홀수시,34
로이스,WB,홀수시,34
모드리치,WB,홀수시,34
크루이프,WB,홀수시,35
뮐러,WB,홀수시,35
아자르,WB,홀수시,35
워커,WB,홀수시,35
레반도프스키,WB,홀수시,35
반바스텐,WB,홀수시,36
부트라게뇨,WB,홀수시,36
더브라위너,WB,홀수시,36
루카쿠,WB,홀수시,36
리자라쥐,WB,홀수시,36
라카제트,WB,홀수시,36
케인,WB,홀수시,37
손흥민,WB,홀수시,37
알라바,WB,홀수시,37
부스케츠,WB,홀수시,37
스털링,WB,홀수시,37
마르키뉴스,WB,홀수시,37
고레츠카,WB,홀수시,38
디발라,WB,홀수시,38
브란트,WB,홀수시,38
야누자이,WB,홀수시,38
살리바,WB,홀수시,38
굴리트,WB,홀수시,39
레이카르트,WB,홀수시,39
밀코사,WB,홀수시,39
사비치,WB,홀수시,39
리로이 실바,WB,홀수시,39
아센시오,WB,홀수시,39
함시크,WB,홀수시,39
찰턴,WB,홀수시,40
베스트,WB,홀수시,40
더용,WB,홀수시,40
우파메카노,WB,홀수시,40
바스토니,WB,홀수시,40
펠레그리니,WB,홀수시,40
뎀벨레,WB,홀수시,41
아놀드,WB,홀수시,41
래시포드,WB,홀수시,41
돈나룸마,WB,홀수시,41
제주스,WB,홀수시,41
마운트,WB,홀수시,42
로드리,WB,홀수시,42
이사크,WB,홀수시,42
라이스,WB,홀수시,42
알폰소,WB,홀수시,43
더리흐트,WB,홀수시,43
킨,WB,홀수시,43
소보슬러이,WB,홀수시,43
코나테,WB,홀수시,44
네투,WB,홀수시,44
포든,WB,홀수시,44
갤러거,WB,홀수시,44
다케후사,WB,홀수시,44
비니시우스,WB,홀수시,45
홀란,WB,홀수시,45
추아메니,WB,홀수시,45
라이스,WB,홀수시,45
디아스,WB,홀수시,45
토날리,WB,홀수시,45
펠릭스,WB,홀수시,46
조너선,WB,홀수시,46
아이트-누리,WB,홀수시,46
시몬스,WB,홀수시,47
알바레스,WB,홀수시,47
이강인,WB,홀수시,47
블라호비치,WB,홀수시,47
흐라벤베르흐,WB,홀수시,47
사카,WB,홀수시,48
반스,WB,홀수시,48
쿨루세브스키,WB,홀수시,48
러시,WB,홀수시,49
드케탈라르,WB,홀수시,49
올리세,WB,홀수시,49
포파나,WB,홀수시,49
카마빙가,WB,홀수시,49
그바르디올,WB,홀수시,50
페드리,WB,홀수시,50
마르티넬리,WB,홀수시,50
팀버,WB,홀수시,50
벨링엄,WB,홀수시,51
멘데스,WB,홀수시,51
브란스웨이트,WB,홀수시,51
미요,WB,홀수시,51
무시알라,WB,홀수시,52
비르츠,WB,홀수시,52
카이세도,WB,홀수시,52
니코,WB,홀수시,52
바이어,WB,홀수시,52
파머,WB,홀수시,53
하무스,WB,홀수시,53
콜윌,WB,홀수시,53
델랍,WB,홀수시,53
잭슨,WB,홀수시,53
우도기,WB,홀수시,53
케르케즈,WB,홀수시,54
셰슈코,WB,홀수시,54
발데,WB,홀수시,54
와히,WB,홀수시,54
큐얼,WB,홀수시,55
비쇼프,WB,홀수시,55
바이노-기튼스,WB,홀수시,55
반데르송,WB,홀수시,55
스칼비니,WB,홀수시,55
카사도,WB,홀수시,56
일디즈,WB,홀수시,56
야말,WB,홀수시,56
네베스,WB,홀수시,56
사비뉴,WB,홀수시,56
홀,WB,홀수시,56
쿠바르시,WB,홀수시,56
메이누,WB,홀수시,56
발레바,WB,홀수시,56
자이르-에머리,WB,홀수시,56
카마라,WB,홀수시,56
파스,WB,홀수시,57
사네티,LE,홀수시,11
바조,LE,홀수시,11
델피에로,LE,홀수시,11
피레스,LE,홀수시,11
칸나바로,LE,홀수시,11
네스타,LE,홀수시,11
지단,LE,홀수시,12
비에이라,LE,홀수시,12
졸라,LE,홀수시,12
베르캄프,LE,홀수시,13
앙리,LE,홀수시,13
튀람,LE,홀수시,13
바네가,LE,홀수시,13
오언,LE,홀수시,13
카르발류,LE,홀수시,13
램파드,LE,홀수시,14
프티,LE,홀수시,14
카누,LE,홀수시,14
얀콜러,LE,홀수시,14
네드베드,LE,홀수시,14
리자라쥐,LE,홀수시,14
크레스포,LE,홀수시,15
제라드,LE,홀수시,15
베론,LE,홀수시,15
로시츠키,LE,홀수시,15
포를란,LE,홀수시,16
호나우두,LE,홀수시,16
캐릭,LE,홀수시,16
체흐,LE,홀수시,16
라르손,LE,홀수시,17
토레스,LE,홀수시,17
드로그바,LE,홀수시,17
밀너,LE,홀수시,17
뎀프시,LE,홀수시,17
펠러,LE,홀수시,18
우고,LE,홀수시,18
하지,LE,홀수시,18
알비올,LE,홀수시,18
윌리안,LE,홀수시,19
펠라이니,LE,홀수시,19
세르히오로메로,LE,홀수시,19
아자르,LE,홀수시,20
하미레스,LE,홀수시,20
탄코,LE,홀수시,20
애슐리,LE,홀수시,20
코클랭,LE,홀수시,21
파레호,LE,홀수시,21
오바메양,LE,홀수시,21
페드로,LE,홀수시,21
무니아인,LE,홀수시,22
스몰링,LE,홀수시,22
드케탈라르,LE,홀수시,22
클라인,LE,홀수시,22
마테우스,LE,홀수시,23
마라도나,LE,홀수시,23
블린트,LE,홀수시,23
캐러거,LE,홀수시,23
데마르코스,LE,홀수시,23
마티치,LE,홀수시,23
부트라게뇨,LE,홀수시,24
둥가,LE,홀수시,24
에레라,LE,홀수시,24
라카제트,LE,홀수시,24
차범근,LE,홀수시,24
쿠르투아,LE,홀수시,24
루카쿠,LE,홀수시,25
미키타리안,LE,홀수시,25
구델,LE,홀수시,25
데헤아,LE,홀수시,25
그리즈만,LE,홀수시,26
코케,LE,홀수시,26
자카,LE,홀수시,27
바클리,LE,홀수시,27
세르지고메스,LE,홀수시,27
오블라크,LE,홀수시,27
안드레고메스,LE,홀수시,28
피르미누,LE,홀수시,28
코바치치,LE,홀수시,29
모레노,LE,홀수시,29
루크쇼,LE,홀수시,29
수소,LE,홀수시,29
제라르,LE,홀수시,30
엠레잔,LE,홀수시,30
짐시티,LE,홀수시,30
벨트만,LE,홀수시,30
크리스탄테,LE,홀수시,30
케파,LE,홀수시,30
사울,LE,홀수시,31
코스티치,LE,홀수시,31
더론,LE,홀수시,31
디발라,LE,홀수시,32
에메르손,LE,홀수시,32
그리말도,LE,홀수시,33
코레아,LE,홀수시,34
히메네스,LE,홀수시,34
크리스텐센,LE,홀수시,34
이워비,LE,홀수시,34
안드리히,LE,홀수시,34
차파코스타,LE,홀수시,35
룰리,LE,홀수시,35
페르난데스,LE,홀수시,36
무니르,LE,홀수시,36
블랑,LE,홀수시,37
반더베이크,LE,홀수시,37
안드리히,LE,홀수시,37
조르단,LE,홀수시,38
바렐라,LE,홀수시,38
펠레그리니,LE,홀수시,39
메이틀랜드-나일스,LE,홀수시,39
스카마카,LE,홀수시,39
앙기사,LE,홀수시,39
루크먼,LE,홀수시,40
알폰소,LE,홀수시,40
래시포드,LE,홀수시,41
다이치,LE,홀수시,41
팔라시오스,LE,홀수시,41
에이브러햄,LE,홀수시,41
비알리,LE,홀수시,42
애라이보,LE,홀수시,42
엔네시리,LE,홀수시,42
더리흐트,LE,홀수시,43
퇸,LE,홀수시,43
맥토미니,LE,홀수시,44
쿤데,LE,홀수시,44
파우토레스,LE,홀수시,44
코바르시,LE,홀수시,44
레길론,LE,홀수시,45
탑소바,LE,홀수시,46
비르츠,LE,홀수시,47
아들리,LE,홀수시,47
크나우프,LE,홀수시,47
프림퐁,LE,홀수시,47
스타니시치,LE,홀수시,47
인카피에,LE,홀수시,47
은디카,LE,홀수시,47
J.콜러,LE,홀수시,48
루제리,LE,홀수시,48
이건,LE,홀수시,48
크리스티아누 호날두,25TOTS,홀수시,34
리오넬 메시,25TOTS,홀수시,34
렘코 파스베어,25TOTS,홀수시,34
카림 벤제마,25TOTS,홀수시,35
루이스 수아레스,25TOTS,홀수시,35
크리스티앙 벤테케,25TOTS,홀수시,35
페테르 굴라치,25TOTS,홀수시,35
안테 부디미르,25TOTS,홀수시,35
레반도프스키,25TOTS,홀수시,36
조르디 알바,25TOTS,홀수시,36
뤼크 더용,25TOTS,홀수시,36
티보 쿠르투아,25TOTS,홀수시,36
크리스 우드,25TOTS,홀수시,36
니콜라스 오타멘디,25TOTS,홀수시,36
로멜루 루카쿠,25TOTS,홀수시,36
쿤 카스테일스,25TOTS,홀수시,37
데헤아,25TOTS,홀수시,37
이스코,25TOTS,홀수시,37
그라니트 자카,25TOTS,홀수시,37
마츠 셀스,25TOTS,홀수시,37
손흥민,25TOTS,홀수시,37
해리 케인,25TOTS,홀수시,37
버질 반다이크,25TOTS,홀수시,38
리야드 마레즈,25TOTS,홀수시,38
이니고 마르티네스,25TOTS,홀수시,38
안토니오 뤼디거,25TOTS,홀수시,38
마르키뉴스,25TOTS,홀수시,38
에밀 포르스베리,25TOTS,홀수시,38
라이언 골드,25TOTS,홀수시,38
모하메드 살라,25TOTS,홀수시,39
아드리앙 라비오,25TOTS,홀수시,39
그리말도,25TOTS,홀수시,39
주앙 칸셀루,25TOTS,홀수시,39
살렘 알도사리,25TOTS,홀수시,40
파울로 디발라,25TOTS,홀수시,40
브루누 페르난데스,25TOTS,홀수시,40
S. 모레이라,25TOTS,홀수시,40
로드리고 데폴,25TOTS,홀수시,40
요주아 키미히,25TOTS,홀수시,40
요나탄 타,25TOTS,홀수시,40
히카르두 오르타,25TOTS,홀수시,41
P. 호이비에르,25TOTS,홀수시,41
T. 클라인딘스트,25TOTS,홀수시,41
헤로니모 룰리,25TOTS,홀수시,41
세루 기라시,25TOTS,홀수시,41
은골로 캉테,25TOTS,홀수시,41
조반니 디로렌초,25TOTS,홀수시,42
코랑탕 톨리소,25TOTS,홀수시,42
마티아 차카니,25TOTS,홀수시,42
마누엘 로카텔리,25TOTS,홀수시,42
S. 밀린코비치-사비치,25TOTS,홀수시,42
니콜로 바렐라,25TOTS,홀수시,43
로빈 첸트너,25TOTS,홀수시,43
V. 밀린코비치-사비치,25TOTS,홀수시,43
나딤 아미리,25TOTS,홀수시,43
O. 보스카글리,25TOTS,홀수시,43
F. 디마르코,25TOTS,홀수시,44
크리스천 풀리식,25TOTS,홀수시,44
마르쿠스 튀람,25TOTS,홀수시,44
V. 파블리디스,25TOTS,홀수시,44
데니스 자카리아,25TOTS,홀수시,44
안토니 로빈슨,25TOTS,홀수시,44
다요 우파메카노,25TOTS,홀수시,44
아데몰라 루크먼,25TOTS,홀수시,45
T. 알렉산더-아놀드,25TOTS,홀수시,45
우스만 뎀벨레,25TOTS,홀수시,45
킬리안 음바페,25TOTS,홀수시,45
가에탕 페랭,25TOTS,홀수시,45
가브리엘,25TOTS,홀수시,45
도안 리쓰,25TOTS,홀수시,45
덴젤 둠프리스,25TOTS,홀수시,46
딘 헨더슨,25TOTS,홀수시,46
하피냐,25TOTS,홀수시,46
R. 오르솔리니,25TOTS,홀수시,46
알렉산데르 이사크,25TOTS,홀수시,46
파트리크 시크,25TOTS,홀수시,46
데클런 라이스,25TOTS,홀수시,46
알폰소 데이비스,25TOTS,홀수시,46
에반데르,25TOTS,홀수시,47
디오구 코스타,25TOTS,홀수시,47
모이스 킨,25TOTS,홀수시,47
김민재,25TOTS,홀수시,47
스콧 맥토미니,25TOTS,홀수시,47
A. 바스토니,25TOTS,홀수시,47
니콜라 밀렌코비치,25TOTS,홀수시,47
비니시우스,25TOTS,홀수시,47
페데리코 발베르데,25TOTS,홀수시,48
엘링 홀란,25TOTS,홀수시,48
조나탕 클로스,25TOTS,홀수시,48
노아 랑,25TOTS,홀수시,48
A. 마칼리스테르,25TOTS,홀수시,48
마테우스 쿠냐,25TOTS,홀수시,48
T. 레인더르스,25TOTS,홀수시,48
쥘 쿤데,25TOTS,홀수시,49
미켈 담스고르,25TOTS,홀수시,49
빅토르 예케레스,25TOTS,홀수시,49
마테오 레테기,25TOTS,홀수시,49
무사 디아비,25TOTS,홀수시,49
리키 푸치,25TOTS,홀수시,49
A. 부온조르노,25TOTS,홀수시,49
오르쿤 쾨크취,25TOTS,홀수시,49
조너선 데이비드,25TOTS,홀수시,50
윌리암 살리바,25TOTS,홀수시,50
모하메드 시마칸,25TOTS,홀수시,50
아미르 라흐마니,25TOTS,홀수시,50
모르텐 휠만,25TOTS,홀수시,50
셈 스테인,25TOTS,홀수시,50
트린캉,25TOTS,홀수시,50
차비 시몬스,25TOTS,홀수시,50
R. 흐라벤베르흐,25TOTS,홀수시,50
훌리안 알바레스,25TOTS,홀수시,51
부카요 사카,25TOTS,홀수시,51
다비드 한츠코,25TOTS,홀수시,51
이바녜스,25TOTS,홀수시,51
O. 안트만,25TOTS,홀수시,51
N. 슐로터베크,25TOTS,홀수시,51
M. 올리세,25TOTS,홀수시,51
A. 라치우,25TOTS,홀수시,51
비비안,25TOTS,홀수시,51
R. 셰르키,25TOTS,홀수시,51
프란시스쿠 모라,25TOTS,홀수시,52
뤼카 슈발리에,25TOTS,홀수시,52
페드리,25TOTS,홀수시,52
누누 멘데스,25TOTS,홀수시,52
주드 벨링엄,25TOTS,홀수시,52
윌프리드 싱고,25TOTS,홀수시,52
제레미 프림퐁,25TOTS,홀수시,52
N. 부샬,25TOTS,홀수시,52
K. 테일러,25TOTS,홀수시,52
비티냐,25TOTS,홀수시,52
M. 카이세도,25TOTS,홀수시,53
W. 파초,25TOTS,홀수시,53
P. 인카피에,25TOTS,홀수시,53
J. 슈탈로,25TOTS,홀수시,53
니코 윌리암스,25TOTS,홀수시,53
플로리안 비르츠,25TOTS,홀수시,53
무시알라,25TOTS,홀수시,53
M. 틸만,25TOTS,홀수시,53
곤살루 이나시우,25TOTS,홀수시,54
알렉스 바에나,25TOTS,홀수시,54
H. 에키티케,25TOTS,홀수시,54
콜 파머,25TOTS,홀수시,54
E. 에메가,25TOTS,홀수시,54
E. 게상,25TOTS,홀수시,54
K. 아크튀르콜루,25TOTS,홀수시,54
주안 가르시아,25TOTS,홀수시,54
M. 케르케즈,25TOTS,홀수시,54
발데,25TOTS,홀수시,55
B. 바르콜라,25TOTS,홀수시,55
M. 아킬로셰,25TOTS,홀수시,55
K. 칼리나,25TOTS,홀수시,55
에데르송,25TOTS,홀수시,55
J. 레이건,25TOTS,홀수시,55
알렉산드루,25TOTS,홀수시,55
주앙 네베스,25TOTS,홀수시,55
J. 하토,25TOTS,홀수시,55
안드레이 산투스,25TOTS,홀수시,56
사무,25TOTS,홀수시,56
라민 야말,25TOTS,홀수시,56
니콜라스 파스,25TOTS,홀수시,56
파우 쿠바르시,25TOTS,홀수시,56
크리스티아누 호날두,BLD,홀수시,56
리오넬 메시,BLD,홀수시,56
카림 벤제마,BLD,홀수시,56
마누엘 노이어,BLD,홀수시,56
위고 요리스,BLD,홀수시,56
드리스 메르턴스,BLD,홀수시,56
루이스 수아레스,BLD,홀수시,57
루카 모드리치,BLD,홀수시,57
후이 파트리시우,BLD,홀수시,57
에딘 제코,BLD,홀수시,57
조르지뉴 베이날둠,BLD,홀수시,57
아스필리쿠에타,BLD,홀수시,57
알렉시스 산체스,BLD,홀수시,57
일카이 귄도안,BLD,홀수시,57
레반도프스키,BLD,홀수시,57
P. 오바메양,BLD,홀수시,57
세르지오 부스케츠,BLD,홀수시,57
토마스 뮐러,BLD,홀수시,57
네이마르 Jr.,BLD,홀수시,57
티보 쿠르투아,BLD,홀수시,57
마리오 괴체,BLD,홀수시,57
M. 테어슈테겐,BLD,홀수시,57
로멜루 루카쿠,BLD,홀수시,58
케빈 더브라위너,BLD,홀수시,58
코케,BLD,홀수시,58
앙투안 그리즈만,BLD,홀수시,58
이스코,BLD,홀수시,58
두샨 타디치,BLD,홀수시,58
손흥민,BLD,홀수시,58
카제미루,BLD,홀수시,58
얀 오블라크,BLD,홀수시,58
칼리두 쿨리발리,BLD,홀수시,58
호베르투 피르미누,BLD,홀수시,58
해리 케인,BLD,홀수시,58
라힘 스털링,BLD,홀수시,58
에미 마르티네스,BLD,홀수시,58
버질 반다이크,BLD,홀수시,58
리야드 마레즈,BLD,홀수시,58
안토니오 뤼디거,BLD,홀수시,58
조르지뉴,BLD,홀수시,58
세바스티앙 알레르,BLD,홀수시,58
마르키뉴스,BLD,홀수시,58
제라르 모레노,BLD,홀수시,58
사디오 마네,BLD,홀수시,58
제이미 바디,BLD,홀수시,58
모하메드 살라,BLD,홀수시,58
파비뉴,BLD,홀수시,58
야신 부누,BLD,홀수시,58
주앙 칸셀루,BLD,홀수시,58
파울로 디발라,BLD,홀수시,58
브루누 페르난데스,BLD,홀수시,59
요주아 키미히,BLD,홀수시,59
알리송,BLD,홀수시,59
마이크 메냥,BLD,홀수시,59
은골로 캉테,BLD,홀수시,59
베르나르두 실바,BLD,홀수시,59
도니 반더베이크,BLD,홀수시,59
마르틴 외데고르,BLD,홀수시,59
니콜로 바렐라,BLD,홀수시,59
앙드레 오나나,BLD,홀수시,59
프렝키 더용,BLD,홀수시,59
잔루이지 돈나룸마,BLD,홀수시,59
T. 알렉산더-아놀드,BLD,홀수시,59
라우타로,BLD,홀수시,59
킬리안 음바페,BLD,홀수시,59
로드리,BLD,홀수시,59
빅터 오시멘,BLD,홀수시,59
C. 은쿤쿠,BLD,홀수시,59
메이슨 마운트,BLD,홀수시,59
마테이스 더리흐트,BLD,홀수시,59
김민재,BLD,홀수시,59
R. 콜로 무아니,BLD,홀수시,59
필 포든,BLD,홀수시,59
비니시우스,BLD,홀수시,59
엘링 홀란,BLD,홀수시,59
후벵 디아스,BLD,홀수시,59
루이스 디아스,BLD,홀수시,59
하파엘 레앙,BLD,홀수시,59
주앙 펠릭스,BLD,홀수시,59
훌리안 알바레스,BLD,홀수시,59
두샨 블라호비치,BLD,홀수시,59
부카요 사카,BLD,홀수시,59
크바라츠헬리아,BLD,홀수시,59
그바르디올,BLD,홀수시,59
페드리,BLD,홀수시,59
주드 벨링엄,BLD,홀수시,59
다르윈 누녜스,BLD,홀수시,59
무시알라,BLD,홀수시,59
앨런 시어러,BDO,홀수시,53
로이 킨,BDO,홀수시,53
데이비드 베컴,BDO,홀수시,53
후이 코스타,BDO,홀수시,53
호베르투 카를루스,BDO,홀수시,53
델피에로,BDO,홀수시,53
알레산드로 네스타,BDO,홀수시,53
파올로 말디니,BDO,홀수시,53
로베르토 바조,BDO,홀수시,53
잔루이지 부폰,BDO,홀수시,53
파비오 칸나바로,BDO,홀수시,53
잔프랑코 졸라,BDO,홀수시,53
지네딘 지단,BDO,홀수시,53
파트리크 비에이라,BDO,홀수시,53
뤼도비크 지울리,BDO,홀수시,54
릴리앙 튀람,BDO,홀수시,54
에마뉘엘 프티,BDO,홀수시,54
티에리 앙리,BDO,홀수시,54
클로드 마켈렐레,BDO,홀수시,54
히카르두 카르발류,BDO,홀수시,54
데니스 베르캄프,BDO,홀수시,54
젠나로 가투소,BDO,홀수시,54
히바우두,BDO,홀수시,54
H. 스토이치코프,BDO,홀수시,54
카푸,BDO,홀수시,54
잔루카 잠브로타,BDO,홀수시,54
마이클 오언,BDO,홀수시,54
비셴테 리자라쥐,BDO,홀수시,54
프랭크 램파드,BDO,홀수시,54
카시야스,BDO,홀수시,54
루이스 피구,BDO,홀수시,54
페르난도 모리엔테스,BDO,홀수시,54
야리 리트마넨,BDO,홀수시,54
은완코 카누,BDO,홀수시,54
P. 클라위베르트,BDO,홀수시,54
야프 스탐,BDO,홀수시,54
파벨 네드베드,BDO,홀수시,54
리오 퍼디난드,BDO,홀수시,54
에르난 크레스포,BDO,홀수시,54
베론,BDO,홀수시,54
안드레아 피를로,BDO,홀수시,54
로빈 반페르시,BDO,홀수시,54
사뮈엘 에토,BDO,홀수시,54
뤼트 반니스텔로이,BDO,홀수시,54
차비,BDO,홀수시,54
미로슬라프 클로제,BDO,홀수시,54
카를레스 푸욜,BDO,홀수시,54
안드리 셰우첸코,BDO,홀수시,55
스티븐 제라드,BDO,홀수시,55
야야 투레,BDO,홀수시,55
리켈메,BDO,홀수시,55
호나우지뉴,BDO,홀수시,55
디미타르 베르바토프,BDO,홀수시,55
디디에 드로그바,BDO,홀수시,55
호나우두,BDO,홀수시,55
샤비 알론소,BDO,홀수시,55
라울,BDO,홀수시,55
마이클 에시앙,BDO,홀수시,55
페트르 체흐,BDO,홀수시,55
디에고 포를란,BDO,홀수시,55
페르난도 토레스,BDO,홀수시,55
에드윈 반데르사르,BDO,홀수시,55
헨릭 라르손,BDO,홀수시,55
웨인 루니,BDO,홀수시,55
루시우,BDO,홀수시,55
필립 람,BDO,홀수시,55
B. 슈바인슈타이거,BDO,홀수시,55
마이콘,BDO,홀수시,55
카카,BDO,홀수시,55
베슬리 스네이더,BDO,홀수시,55
네마냐 비디치,BDO,홀수시,55
하비에르 마스체라노,BDO,홀수시,55
카를로스 테베스,BDO,홀수시,56
프랑크 리베리,BDO,홀수시,56
페르난도 이에로,BDO,홀수시,56
게오르게 하지,BDO,홀수시,56
루디 펠러,BDO,홀수시,56
프랑코 바레시,BDO,홀수시,56
J. 파팽,BDO,홀수시,56
에릭 칸토나,BDO,홀수시,56
로날트 쿠만,BDO,홀수시,56
가레스 베일,BDO,홀수시,56
에덴 아자르,BDO,홀수시,56
보비 무어,BDO,홀수시,56
요한 크루이프,BDO,홀수시,56
게르트 뮐러,BDO,홀수시,56
페터 슈마이켈,BDO,홀수시,56
로타어 마테우스,BDO,홀수시,56
부트라게뇨,BDO,홀수시,56
D. 지놀라,BDO,홀수시,56
마르코 반바스텐,BDO,홀수시,56
프랑크 레이카르트,BDO,홀수시,56
루드 굴리트,BDO,홀수시,56
파울루 푸트리,BDO,홀수시,56
게리 리네커,BDO,홀수시,56
다보르 슈케르,BDO,홀수시,56
미카엘 라우드루프,BDO,홀수시,56
로랑 블랑,BDO,홀수시,56
조지 베스트,BDO,홀수시,56
잔루카 비알리,BDO,홀수시,56
에우제비우,BDO,홀수시,56
존 반스,BDO,홀수시,56
케니 달글리시,BDO,홀수시,56
이언 러시,BDO,홀수시,56
이언 라이트,BDO,홀수시,56
페렌츠 푸스카스,BDO,홀수시,56
J. 콜러,BDO,홀수시,56
토마스 브롤린,BDO,홀수시,56
에우제비우,JNM,홀수시,59
조지 베스트,JNM,홀수시,59
호나우지뉴,JNM,홀수시,59
자이르지뉴,JNM,홀수시,59
우고 산체스,JNM,홀수시,59
디디에 드로그바,JNM,홀수시,59
사뮈엘 에토,JNM,홀수시,59
히바우두,JNM,홀수시,59
에릭 칸토나,JNM,홀수시,59
J. 파팽,JNM,홀수시,59
디에고 포를란,JNM,홀수시,59
호베르투 카를루스,JNM,홀수시,59
프랑크 리베리,JNM,홀수시,59
다비드 트레제게,JNM,홀수시,59
H. 스토이치코프,JNM,홀수시,59
야야 투레,JNM,홀수시,59
로랑 블랑,JNM,홀수시,59
파울루 푸트리,JNM,홀수시,59
루시우,JNM,홀수시,59
디미타르 베르바토프,JNM,홀수시,59
D. 지놀라,JNM,홀수시,59
베론,JNM,홀수시,59
마이클 에시앙,JNM,홀수시,59
프레디 융베리,JNM,홀수시,59
히카르두 카르발류,JNM,홀수시,59
제이-제이 오코차,JNM,홀수시,59
욘 아르네 리세,JNM,홀수시,59
아베디 펠레,JNM,홀수시,59
루이스 에르난데스,JNM,홀수시,59
호안 카프데빌라,JNM,홀수시,59
야리 리트마넨,JNM,홀수시,59
로비 킨,JNM,홀수시,59
피터 크라우치,JNM,홀수시,59
다마커스 비즐리,JNM,짝수시,0
베스가,23HW,짝수시,5
안토니오 칸드레바,23HW,짝수시,5
올리비에 지루,23HW,짝수시,6
유리 베르치체,23HW,짝수시,6
파레호,23HW,짝수시,7
벤 미,23HW,짝수시,7
데마르코스,23HW,짝수시,8
파스칼 그로스,23HW,짝수시,8
마리오 괴체,23HW,짝수시,9
쿤 카스테일스,23HW,짝수시,9
자우메 코스타,23HW,짝수시,10
네마냐 구델,23HW,짝수시,10
R. 로드리게스,23HW,짝수시,11
이드리사 게예,23HW,짝수시,11
올리버 바우만,23HW,짝수시,12
코케,23HW,짝수시,12
마르빈 두크슈,23HW,짝수시,13
조던 아이유,23HW,짝수시,13
댄 번,23HW,짝수시,14
M. 부라비아,23HW,짝수시,14
팀 림,23HW,짝수시,15
마놀로 가비아디니,23HW,짝수시,15
앙토니 로지야,23HW,짝수시,16
다닐루,23HW,짝수시,16
마누엘 리만,23HW,짝수시,17
미하엘 그레고리치,23HW,짝수시,17
그라니트 자카,23HW,짝수시,18
오리올 로메우,23HW,짝수시,18
니콜라스 회플러,23HW,짝수시,19
루이스 덩크,23HW,짝수시,19
손흥민,23HW,짝수시,20
제프리 슐럽,23HW,짝수시,20
제프리 하우엘레우,23HW,짝수시,21
에릭 다이어,23HW,짝수시,21
제임스 타코우스키,23HW,짝수시,22
로빈 크노헤,23HW,짝수시,22
버질 반다이크,23HW,짝수시,23
케빈 스퇴거,23HW,짝수시,23
빌리 오르반,23HW,짝수시,24
루이스 데갈라레타,23HW,짝수시,24
J. 워드-프라우즈,23HW,짝수시,25
루크 쇼,23HW,짝수시,25
해리슨 리드,23HW,짝수시,26
M. 아르놀트,23HW,짝수시,26
모이 고메스,23HW,짝수시,27
미첼 바이저,23HW,짝수시,27
솔리 마치,23HW,짝수시,28
필립 호프만,23HW,짝수시,28
윌리앙 카르발류,23HW,짝수시,29
마티아스 긴터,23HW,짝수시,29
안토니 융,23HW,짝수시,30
루카스 토로,23HW,짝수시,30
안드레아스 페레이라,23HW,짝수시,31
필리프 코스티치,23HW,짝수시,31
오마르 마스카렐,23HW,짝수시,32
파비뉴,23HW,짝수시,32
크리스티안 귄터,23HW,짝수시,33
파비안 셰어,23HW,짝수시,33
존 맥긴,23HW,짝수시,34
마르크 플레컨,23HW,짝수시,34
라니 케디라,23HW,짝수시,35
브루누 페르난데스,23HW,짝수시,35
로베르트 안드리히,23HW,짝수시,36
타이론 밍스,23HW,짝수시,36
P. 호이비에르,23HW,짝수시,37
앨릭스 이워비,23HW,짝수시,37
제페르손 레르마,23HW,짝수시,38
A. 미트로비치,23HW,짝수시,38
이냐키 윌리암스,23HW,짝수시,39
케니 테테,23HW,짝수시,39
앤드루 로버트슨,23HW,짝수시,40
A. 크라마리치,23HW,짝수시,40
알바로 가르시아,23HW,짝수시,41
A. 쇨로트,23HW,짝수시,41
다코남 제네,23HW,짝수시,42
P. 치우리아,23HW,짝수시,42
A. 사나브리아,23HW,짝수시,43
S. 루페르토,23HW,짝수시,43
데마라이 그레이,23HW,짝수시,44
제임스 매디슨,23HW,짝수시,44
필리프 빌링,23HW,짝수시,45
다비드 라야,23HW,짝수시,45
파블로 마페오,23HW,짝수시,46
니코 엘베디,23HW,짝수시,46
마누엘 로카텔리,23HW,짝수시,47
티모시 카스타뉴,23HW,짝수시,47
왈라시,23HW,짝수시,48
에네스 위날,23HW,짝수시,48
조엘린통,23HW,짝수시,49
슈테판 포슈,23HW,짝수시,49
베다트 무리치,23HW,짝수시,50
셰랄도 베케르,23HW,짝수시,50
다비드 소리아,23HW,짝수시,51
보르하 이글레시아스,23HW,짝수시,51
라미 벤세바이니,23HW,짝수시,52
요아힘 아네르센,23HW,짝수시,52
재러드 보언,23HW,짝수시,53
리코 헨리,23HW,짝수시,53
엘리스 스키리,23HW,짝수시,54
도미닉 솔랑키,23HW,짝수시,54
기도 로드리게스,23HW,짝수시,55
E. 부엔디아,23HW,짝수시,55
M. 에게슈타인,23HW,짝수시,56
알렉스 레미로,23HW,짝수시,56
뤼카 투사르,23HW,짝수시,57
에즈리 콘사,23HW,짝수시,57
K. 워커-피터스,23HW,짝수시,58
넬송 세메두,23HW,짝수시,58
보르하 마요랄,23HW,짝수시,59
프렝키 더용,23HW,짝수시,59
라이요,23HW,홀수시,0
카림 오니시보,23HW,홀수시,0
안토니 로빈슨,23HW,홀수시,1
발데마르 안톤,23HW,홀수시,1
마티아스 옌센,23HW,홀수시,2
지브릴 소브,23HW,홀수시,2
조지프 아이두,23HW,홀수시,3
L. 쿨리발리,23HW,홀수시,3
가브리엘 제주스,23HW,홀수시,4
미겔 알미론,23HW,홀수시,4
J. 루쿠미,23HW,홀수시,5
T. 알렉산더-아놀드,23HW,홀수시,5
하비 갈란,23HW,홀수시,6
벤 화이트,23HW,홀수시,6
잭 해리슨,23HW,홀수시,7
엔도 와타루,23HW,홀수시,7
도안 리쓰,23HW,홀수시,8
피카요 토모리,23HW,홀수시,8
로뱅 르노르망,23HW,홀수시,9
R. 오르솔리니,23HW,홀수시,9
데이비드 오케레케,23HW,홀수시,10
데클런 라이스,23HW,홀수시,10
하비 반스,23HW,홀수시,10
L. 로베르토네,23HW,홀수시,11
바우트 파스,23HW,홀수시,11
예르디 스하우턴,23HW,홀수시,12
이선 암파두,23HW,홀수시,12
카이 하베르츠,23HW,홀수시,13
에베레치 에제,23HW,홀수시,13
러즈반 마린,23HW,홀수시,14
브라이스 멘데스,23HW,홀수시,14
M. 깁스-화이트,23HW,홀수시,15
도글라스 루이스,23HW,홀수시,15
로빈 코흐,23HW,홀수시,16
D. 소보슬러이,23HW,홀수시,16
토마시 소우체크,23HW,홀수시,17
션 롱스태프,23HW,홀수시,17
조지프 윌록,23HW,홀수시,18
S. 부에노,23HW,홀수시,18
구보 다케후사,23HW,홀수시,19
V. 카스테야노스,23HW,홀수시,19
P. 에스투피냔,23HW,홀수시,20
이선 피넉,23HW,홀수시,20
E. 데미로비치,23HW,홀수시,21
마테오 페시나,23HW,홀수시,21
D. 프라테시,23HW,홀수시,22
A. 마칼리스테르,23HW,홀수시,22
T. 아우젤로,23HW,홀수시,23
음발라 은졸라,23HW,홀수시,23
메디 레리스,23HW,홀수시,24
리들레 바쿠,23HW,홀수시,24
우나이 누녜스,23HW,홀수시,25
타이릭 미첼,23HW,홀수시,25
니콜라 블라시치,23HW,홀수시,26
마크 게히,23HW,홀수시,26
호제리우,23HW,홀수시,27
C. 바움가르트너,23HW,홀수시,27
셰이크 두쿠레,23HW,홀수시,28
B. 음뵈모,23HW,홀수시,28
A. 부온조르노,23HW,홀수시,29
드와이트 맥닐,23HW,홀수시,29
오스카르 발렌틴,23HW,홀수시,30
호드리구,23HW,홀수시,30
카테나,23HW,홀수시,31
네우엔 페레스,23HW,홀수시,31
야카 비욜,23HW,홀수시,31
비탈리 미콜렌코,23HW,홀수시,32
마리우스 뷜터,23HW,홀수시,32
모르텐 휠만,23HW,홀수시,32
산세트,23HW,홀수시,32
M. 킬먼,23HW,홀수시,33
발랑탕 장드레,23HW,홀수시,33
불라예 디아,23HW,홀수시,33
프란 가르시아,23HW,홀수시,34
제이컵 램지,23HW,홀수시,34
투타,23HW,홀수시,34
에드몽 탑소바,23HW,홀수시,34
데얀 쿨루세브스키,23HW,홀수시,35
안드레 알메이다,23HW,홀수시,35
M. 올리세,23HW,홀수시,35
수비멘디,23HW,홀수시,35
세르히오 카메요,23HW,홀수시,35
K. 코네,23HW,홀수시,36
톰 크라우스,23HW,홀수시,36
사무엘 리누,23HW,홀수시,36
베투,23HW,홀수시,36
마테우스 누네스,23HW,홀수시,36
M. 카이세도,23HW,홀수시,36
니코 윌리암스,23HW,홀수시,37
A. 오나나,23HW,홀수시,37
카를루스 아우구스투,23HW,홀수시,38
F. 파리시,23HW,홀수시,38
예레미 피노,23HW,홀수시,38
D. 우도기,23HW,홀수시,38
아르나우 마르티네스,23HW,홀수시,39
미겔 구티에레스,23HW,홀수시,39
G. 마마르다슈빌리,23HW,홀수시,39
가비,23HW,홀수시,39
미키 반더벤,23HW,홀수시,40
F. 바스키로토,23HW,홀수시,40
로베르토 바조,ICON,짝수시,0
파비오 칸나바로,ICON,짝수시,0
클로드 마켈렐레,ICON,짝수시,0
히바우두,ICON,짝수시,0
프랭크 램파드,ICON,짝수시,0
스티븐 제라드,ICON,짝수시,0
라울,ICON,짝수시,0
에우제비우,ICON,짝수시,0
요한 크루이프,ICON,짝수시,0
데이비드 시먼,ICON,짝수시,0
데이비드 베컴,ICON,짝수시,0
크리스티안 비에리,ICON,짝수시,0
하비에르 사네티,ICON,짝수시,0
필리포 인자기,ICON,짝수시,0
로베르 피레스,ICON,짝수시,0
티에리 앙리,ICON,짝수시,0
파벨 네드베드,ICON,짝수시,0
차비,ICON,짝수시,0
카를레스 푸욜,ICON,짝수시,0
비토르 바이아,ICON,짝수시,0
애슐리 콜,ICON,짝수시,0
페르난도 토레스,ICON,짝수시,0
데쿠,ICON,짝수시,0
파울레타,ICON,짝수시,0
필립 람,ICON,짝수시,0
네마냐 비디치,ICON,짝수시,0
루이스 에르난데스,ICON,짝수시,0
페르난도 이에로,ICON,짝수시,0
에릭 칸토나,ICON,짝수시,0
부트라게뇨,ICON,짝수시,0
프랑크 레이카르트,ICON,짝수시,0
슈테판 에펜베르크,ICON,짝수시,0
레프 야신,ICON,짝수시,0
케니 달글리시,ICON,짝수시,0
페렌츠 푸스카스,ICON,짝수시,0
후이 코스타,ICON,짝수시,0
파올로 말디니,ICON,짝수시,0
로이 킨,ICON,짝수시,0
폴 스콜스,ICON,짝수시,0
알레산드로 네스타,ICON,짝수시,0
미하엘 발락,ICON,짝수시,0
카푸,ICON,짝수시,0
카시야스,ICON,짝수시,0
P. 클라위베르트,ICON,짝수시,0
로빈 반페르시,ICON,짝수시,0
호나우두,ICON,짝수시,0
에드윈 반데르사르,ICON,짝수시,0
웨인 루니,ICON,짝수시,0
게오르게 하지,ICON,짝수시,0
앨런 시어러,ICON,짝수시,0
라이언 긱스,ICON,짝수시,0
루이스 피구,ICON,짝수시,0
야야 투레,ICON,짝수시,0
샤비 알론소,ICON,짝수시,0
프랑코 바레시,ICON,짝수시,0
프랑크 리베리,ICON,짝수시,0
지쿠,ICON,짝수시,0
보비 찰턴,ICON,짝수시,0
잔루이지 부폰,ICON,짝수시,0
릴리앙 튀람,ICON,짝수시,0
가레스 베일,ICON,짝수시,0
베켄바우어,ICON,짝수시,0
둥가,ICON,짝수시,0
로비 파울러,ICON,짝수시,1
마르셀 드사이,ICON,짝수시,1
H. 스토이치코프,ICON,짝수시,1
야리 리트마넨,ICON,짝수시,1
M. 오베르마르스,ICON,짝수시,1
프레디 융베리,ICON,짝수시,1
사뮈엘 에토,ICON,짝수시,1
리켈메,ICON,짝수시,1
박지성,ICON,짝수시,1
페트르 체흐,ICON,짝수시,1
헨릭 라르손,ICON,짝수시,1
B. 슈바인슈타이거,ICON,짝수시,1
안드레아스 브레메,ICON,짝수시,1
차범근,ICON,짝수시,1
뤼트 반니스텔로이,ICON,짝수시,1
미로슬라프 클로제,ICON,짝수시,1
안드리 셰우첸코,ICON,짝수시,1
보비 무어,ICON,짝수시,1
마르코 반바스텐,ICON,짝수시,1
루드 굴리트,ICON,짝수시,1
조지 베스트,ICON,짝수시,1
펠레,ICON,짝수시,1
게르트 뮐러,ICON,짝수시,1
테디 셰링엄,ICON,짝수시,2
로타어 마테우스,ICON,짝수시,2
자이르지뉴,ICON,짝수시,2
옌스 레만,ICON,짝수시,3
호베르투 카를루스,ICON,짝수시,4
델피에로,ICON,짝수시,5
잔프랑코 졸라,ICON,짝수시,6
지네딘 지단,ICON,짝수시,7
에마뉘엘 프티,ICON,짝수시,8
올레 군나르 솔샤르,ICON,짝수시,9
데니스 베르캄프,ICON,짝수시,10
잔루카 잠브로타,ICON,짝수시,11
에르난 크레스포,ICON,짝수시,12
디디에 드로그바,ICON,짝수시,13
알렉시 랄라스,ICON,짝수시,14
소크라테스,ICON,짝수시,15
파울루 푸트리,ICON,짝수시,16
게리 리네커,ICON,짝수시,17
다보르 슈케르,ICON,짝수시,18
올리버 비어호프,ICON,짝수시,19
브리안 라우드루프,ICON,짝수시,20
카를로스 발데라마,ICON,짝수시,21
가린샤,ICON,짝수시,22
마라도나,ICON,짝수시,22
이언 러시,ICON,짝수시,23
이언 라이트,ICON,짝수시,24
솔 캠벨,ICON,홀수시,21
제이-제이 오코차,ICON,홀수시,21
클라렌스 세이도르프,ICON,홀수시,22
파트리크 비에이라,ICON,홀수시,22
젠나로 가투소,ICON,홀수시,23
마이클 오언,ICON,홀수시,23
제이미 캐러거,ICON,홀수시,24
다비드 트레제게,ICON,홀수시,24
리오 퍼디난드,ICON,홀수시,25
베론,ICON,홀수시,25
안드레아 피를로,ICON,홀수시,26
나카타 히데토시,ICON,홀수시,26
호나우지뉴,ICON,홀수시,27
마이클 에시앙,ICON,홀수시,27
카카,ICON,홀수시,28
우고 산체스,ICON,홀수시,28
카를루스 아우베르투,ICON,홀수시,29
로날트 쿠만,ICON,홀수시,29
프랑크 더부르,ICON,홀수시,30
페터 슈마이켈,ICON,홀수시,30
미카엘 라우드루프,ICON,홀수시,31
로랑 블랑,ICON,홀수시,31
과르디올라,ICON,홀수시,32
존 반스,ICON,홀수시,32
로이 킨,GRU,홀수시,21
폴 스콜스,GRU,홀수시,21
로비 킨,GRU,홀수시,21
델피에로,GRU,홀수시,22
알레산드로 네스타,GRU,홀수시,22
잔루이지 부폰,GRU,홀수시,22
파비오 칸나바로,GRU,홀수시,22
지네딘 지단,GRU,홀수시,22
파트리크 비에이라,GRU,홀수시,23
뤼도비크 지울리,GRU,홀수시,23
로베르 피레스,GRU,홀수시,23
릴리앙 튀람,GRU,홀수시,23
에마뉘엘 프티,GRU,홀수시,23
히카르두 카르발류,GRU,홀수시,24
데니스 베르캄프,GRU,홀수시,24
카푸,GRU,홀수시,24
잔루카 잠브로타,GRU,홀수시,24
프랭크 램파드,GRU,홀수시,24
카시야스,GRU,홀수시,25
루이스 피구,GRU,홀수시,25
파벨 네드베드,GRU,홀수시,25
에르난 크레스포,GRU,홀수시,25
랜던 도노번,GRU,홀수시,25
차비,GRU,홀수시,26
미로슬라프 클로제,GRU,홀수시,26
카를레스 푸욜,GRU,홀수시,26
스티븐 제라드,GRU,홀수시,26
크리스티아누 호날두,GRU,홀수시,26
마이클 캐릭,GRU,홀수시,27
디미타르 베르바토프,GRU,홀수시,27
디디에 드로그바,GRU,홀수시,27
애슐리 콜,GRU,홀수시,27
샤비 알론소,GRU,홀수시,27
마이클 에시앙,GRU,홀수시,28
페트르 체흐,GRU,홀수시,28
에드윈 반데르사르,GRU,홀수시,28
웨인 루니,GRU,홀수시,28
루시우,GRU,홀수시,28
필립 람,GRU,홀수시,29
B. 슈바인슈타이거,GRU,홀수시,29
카카,GRU,홀수시,29
네마냐 비디치,GRU,홀수시,29
하비에르 마스체라노,GRU,홀수시,29
애슐리 영,GRU,홀수시,30
프랑크 리베리,GRU,홀수시,30
라울 알비올,GRU,홀수시,30
리오넬 메시,GRU,홀수시,30
세스크 파브레가스,GRU,홀수시,30
스테브 망당다,GRU,홀수시,31
카림 벤제마,GRU,홀수시,31
에릭 칸토나,GRU,홀수시,31
마누엘 노이어,GRU,홀수시,31
조니 에번스,GRU,홀수시,31
라세 쇠네,GRU,홀수시,32
가레스 베일,GRU,홀수시,32
루이스 수아레스,GRU,홀수시,32
루카 모드리치,GRU,홀수시,32
악셀 비첼,GRU,홀수시,32
조르지뇨 베이날둠,GRU,홀수시,33
조던 헨더슨,GRU,홀수시,33
마테오 다르미안,GRU,홀수시,33
알렉시스 산체스,GRU,홀수시,33
마르코 로이스,GRU,홀수시,33
로만 뷔어키,GRU,홀수시,34
조르디 알바,GRU,홀수시,34
페드로,GRU,홀수시,34
세르지오 부스케츠,GRU,홀수시,34
뤼크 더용,GRU,홀수시,34
페터 슈마이켈,GRU,홀수시,35
네이마르 Jr.,GRU,홀수시,35
로타어 마테우스,GRU,홀수시,35
안데르 에레라,GRU,홀수시,35
티보 쿠르투아,GRU,홀수시,35
마리오 괴체,GRU,홀수시,36
M. 테어슈테겐,GRU,홀수시,36
로멜루 루카쿠,GRU,홀수시,36
네마냐 구델,GRU,홀수시,36
닉 비르헤버르,GRU,홀수시,36
이드리사 게예,GRU,홀수시,37
니콜라스 로데이로,GRU,홀수시,37
이스코,GRU,홀수시,37
마르크 바르트라,GRU,홀수시,37
스테판 더브레이,GRU,홀수시,37
다닐루,GRU,홀수시,38
세르지 로베르토,GRU,홀수시,38
야스퍼르 실러선,GRU,홀수시,38
카제미루,GRU,홀수시,38
나초 페르난데스,GRU,홀수시,38
C. 비라기,GRU,홀수시,39
호베르투 피르미누,GRU,홀수시,39
M. 아이다라,GRU,홀수시,39
라힘 스털링,GRU,홀수시,39
버질 반다이크,GRU,홀수시,39
A. 플로렌치,GRU,홀수시,40
브라이스 삼바,GRU,홀수시,40
카르바할,GRU,홀수시,40
A. 밀리크,GRU,홀수시,40
사뮈엘 움티티,GRU,홀수시,40
레안드로 트로사르,GRU,홀수시,41
마르키뉴스,GRU,홀수시,41
조세프 마르티네스,GRU,홀수시,41
베르트랑 트라오레,GRU,홀수시,41
조엘 벨트만,GRU,홀수시,41
하칸 찰하놀루,GRU,홀수시,42
엠레 잔,GRU,홀수시,42
미첼 데이크스,GRU,홀수시,42
루카스 바스케스,GRU,홀수시,42
사디오 마네,GRU,홀수시,42
모하메드 살라,GRU,홀수시,43
파비뉴,GRU,홀수시,43
하파엘 게헤이루,GRU,홀수시,43
P. 프랑코프스키,GRU,홀수시,43
R. 갈리아르디니,GRU,홀수시,43
니클라스 쥘레,GRU,홀수시,44
율리안 브란트,GRU,홀수시,44
자시 자데스,GRU,홀수시,44
알리송,GRU,홀수시,44
케니 테테,GRU,홀수시,44
앤드루 로버트슨,GRU,홀수시,45
세코 포파나,GRU,홀수시,45
M. 브로조비치,GRU,홀수시,45
데일리 싱크흐라번,GRU,홀수시,45
앙헬리뇨,GRU,홀수시,45
마르코 아센시오,GRU,홀수시,46
D. 마차도,GRU,홀수시,46
다비드 라야,GRU,홀수시,46
조나탕 그라디,GRU,홀수시,46
토미 맥나마라,GRU,홀수시,46
이르빙 로사노,GRU,홀수시,47
로랑 블랑,GRU,홀수시,47
마르틴 외데고르,GRU,홀수시,47
니콜로 바렐라,GRU,홀수시,47
마리우스 볼프,GRU,홀수시,47
디오구 조타,GRU,홀수시,48
프레스넬 킴펨베,GRU,홀수시,48
O. 보스카글리,GRU,홀수시,48
스테번 베르흐바인,GRU,홀수시,48
조던 모리스,GRU,홀수시,48
틸로 케러,GRU,홀수시,49
앙드레 오나나,GRU,홀수시,49
크리스천 롤던,GRU,홀수시,49
F. 소토카,GRU,홀수시,49
올렉산드르 진첸코,GRU,홀수시,49
요엘 드롬멀,GRU,홀수시,50
페를랑 멘디,GRU,홀수시,50
마누엘 아칸지,GRU,홀수시,50
가스톤 페레이로,GRU,홀수시,50
미겔 알미론,GRU,홀수시,50
T. 알렉산더-아놀드,GRU,홀수시,51
도니얼 말런,GRU,홀수시,51
라우타로,GRU,홀수시,51
벤 화이트,GRU,홀수시,51
밀란 슈크리니아르,GRU,홀수시,51
가브리엘,GRU,홀수시,52
도안 리쓰,GRU,홀수시,52
제이든 산초,GRU,홀수시,52
덴젤 둠프리스,GRU,홀수시,52
데클런 라이스,GRU,홀수시,52
그레고르 코벨,GRU,홀수시,53
P. 로사리오,GRU,홀수시,53
이브라힘 상가레,GRU,홀수시,53
살리흐 외즈잔,GRU,홀수시,53
카이 하베르츠,GRU,홀수시,53
모이스 킨,GRU,홀수시,54
파쿤도 메디나,GRU,홀수시,54
A. 바스토니,GRU,홀수시,54
D. 미하일로비치,GRU,홀수시,54
케빈 단소,GRU,홀수시,54
비니시우스,GRU,홀수시,55
미첼 바커르,GRU,홀수시,55
마우루 주니오르,GRU,홀수시,55
코디 각포,GRU,홀수시,55
로이스 오펜다,GRU,홀수시,55
윌리암 살리바,GRU,홀수시,56
요르단 테제,GRU,홀수시,56
부카요 사카,GRU,홀수시,56
N. 슐로터베크,GRU,홀수시,56
가브리엘 마르티넬리,GRU,홀수시,56
주드 벨링엄,GRU,홀수시,57
욘 아르네 리세,GRU,홀수시,57
악셀 비첼,24EP,짝수시,0
마테오 다르미안,24EP,짝수시,0
카일 워커,24EP,짝수시,1
파레호,24EP,짝수시,1
파스칼 그로스,24EP,짝수시,2
데일리 블린트,24EP,짝수시,2
로멜루 루카쿠,24EP,짝수시,3
베른트 레노,24EP,짝수시,3
이아고 아스파스,24EP,짝수시,4
R. 로드리게스,24EP,짝수시,4
올리버 바우만,24EP,짝수시,5
코케,24EP,짝수시,5
마르빈 두크슈,24EP,짝수시,6
조던 아이유,24EP,짝수시,6
플로리앙 르죈,24EP,짝수시,7
다니 로드리게스,24EP,짝수시,7
로스 바클리,24EP,짝수시,8
앙토니 로지야,24EP,짝수시,8
니콜라스 회플러,24EP,짝수시,9
루이스 덩크,24EP,짝수시,9
얀 오블라크,24EP,짝수시,10
뤼카 디뉴,24EP,짝수시,10
밀란 바델,24EP,짝수시,11
레모 프로일러,24EP,짝수시,11
제프리 하우여레우,24EP,짝수시,12
제임스 타코우스키,24EP,짝수시,12
케빈 뮐러,24EP,짝수시,13
파벨 카데라베크,24EP,짝수시,13
케빈 스퇴거,24EP,짝수시,14
조던 픽포드,24EP,짝수시,14
파울로 가사니가,24EP,짝수시,15
니클라스 퓔크루크,24EP,짝수시,15
J. 워드-프라우즈,24EP,짝수시,16
루카스 오캄포스,24EP,짝수시,16
M. 아르놀트,24EP,짝수시,17
미첼 바이저,24EP,짝수시,17
레안드로 파레데스,24EP,짝수시,18
제라르 모레노,24EP,짝수시,18
압둘라예 두쿠레,24EP,짝수시,19
베라트 짐시티,24EP,짝수시,19
B. 크리스탄테,24EP,짝수시,20
안드레아스 페레이라,24EP,짝수시,20
마르턴 더론,24EP,짝수시,21
레온 고레츠카,24EP,짝수시,21
파비안 셰어,24EP,짝수시,22
요나스 호프만,24EP,짝수시,22
주앙 칸셀루,24EP,짝수시,23
W. 팔코네,24EP,짝수시,23
C. 뇌르고르,24EP,짝수시,24
에메르손,24EP,짝수시,24
존 맥긴,24EP,짝수시,25
빈첸초 그리포,24EP,짝수시,25
율리안 브란트,24EP,짝수시,26
브루누 페르난데스,24EP,짝수시,26
요주아 키미히,24EP,짝수시,27
마리오 르미나,24EP,짝수시,27
칼턴 모리스,24EP,짝수시,28
R. 크리스티,24EP,짝수시,28
T. 클라인딘스트,24EP,짝수시,29
두반 사파타,24EP,짝수시,29
아요세 페레스,24EP,짝수시,30
P. 마인카,24EP,짝수시,30
A. 크라마리치,24EP,짝수시,31
마테오 폴리타노,24EP,짝수시,31
S. 로보트카,24EP,짝수시,32
알바로 가르시아,24EP,짝수시,32
조반니 디로렌초,24EP,짝수시,33
베르나르두 실바,24EP,짝수시,33
엠바르바,24EP,짝수시,34
프랑크 오노라,24EP,짝수시,34
D. 칼버트-르윈,24EP,짝수시,35
니코 엘베디,24EP,짝수시,35
이재성,24EP,짝수시,36
율리안 바이글,24EP,짝수시,36
마누엘 로카텔리,24EP,짝수시,37
온드레이 두다,24EP,짝수시,37
티모시 카스타뉴,24EP,짝수시,38
슈테판 포슈,24EP,짝수시,38
바우트 베고르스트,24EP,짝수시,39
로빈 고젠스,24EP,짝수시,39
베다트 무리치,24EP,짝수시,40
요아힘 아네르센,24EP,짝수시,40
니콜로 바렐라,24EP,짝수시,41
루이스 쿡,24EP,짝수시,41
루이스 리오하,24EP,짝수시,42
미켈 메리노,24EP,짝수시,42
도미닉 솔랑키,24EP,짝수시,43
마르코스 요렌테,24EP,짝수시,43
M. 에게슈타인,24EP,짝수시,44
황희찬,24EP,짝수시,44
앙드레 오나나,24EP,짝수시,45
A. 잠보 앙기사,24EP,짝수시,45
에즈리 콘사,24EP,짝수시,46
넬송 세메두,24EP,짝수시,46
플로리안 그릴리치,24EP,짝수시,47
베냐민 헨릭스,24EP,짝수시,47
보르하 마요랄,24EP,짝수시,48
팀 슈카르케,24EP,짝수시,48
안토니 로빈슨,24EP,짝수시,49
팔리냐,24EP,짝수시,49
레온 베일리,24EP,짝수시,50
페펠루,24EP,짝수시,50
구루세타,24EP,짝수시,51
마커스 래시포드,24EP,짝수시,51
잭 해리슨,24EP,짝수시,52
펠릭스 우두오카이,24EP,짝수시,52
크리스티안 로메로,24EP,짝수시,53
이시 팔라손,24EP,짝수시,53
도안 리쓰,24EP,짝수시,54
옌센 스타에,24EP,짝수시,54
베르나르두,24EP,짝수시,55
크사버 슐라거,24EP,짝수시,55
필리프 티츠,24EP,짝수시,56
알렉산데르 이사크,24EP,짝수시,56
디오구 달로,24EP,짝수시,57
디오구 레이트,24EP,짝수시,57
요아킴 멜레,24EP,짝수시,58
요안 위사,24EP,짝수시,58
루카스 횔러,24EP,짝수시,59
비탈리 야넬트,24EP,짝수시,59
다라 오셰이,24EP,홀수시,0
카이 하베르츠,24EP,홀수시,0
에베레치 에제,24EP,홀수시,1
페데리코 키에사,24EP,홀수시,1
브라이스 멘데스,24EP,홀수시,2
M. 깁스-화이트,24EP,홀수시,2
장-필리프 마테타,24EP,홀수시,3
로빈 코흐,24EP,홀수시,3
앙토니 카시,24EP,홀수시,4
다비트 라움,24EP,홀수시,4
토마시 소우체크,24EP,홀수시,5
션 롱스태프,24EP,홀수시,5
A. 도세나,24EP,홀수시,6
구리디,24EP,홀수시,6
코너 갤러거,24EP,홀수시,7
웨스턴 매케니,24EP,홀수시,7
J. 라르센,24EP,홀수시,8
율리안 샤보트,24EP,홀수시,8
마테오 페시나,24EP,홀수시,9
아레소,24EP,홀수시,9
로마노 슈미트,24EP,홀수시,10
마테우스 쿠냐,24EP,홀수시,10
T. 레인더르스,24EP,홀수시,11
우나이 누녜스,24EP,홀수시,11
타이릭 미첼,24EP,홀수시,12
고로사벨,24EP,홀수시,12
루이스 디아스,24EP,홀수시,13
니콜라 블라시치,24EP,홀수시,13
앤트완 세메뇨,24EP,홀수시,14
요나스 빈,24EP,홀수시,14
마테오 레테기,24EP,홀수시,15
크리스 퓌리히,24EP,홀수시,15
S. 반덴베르흐,24EP,홀수시,16
앤서니 고든,24EP,홀수시,16
우고 두로,24EP,홀수시,17
드와이트 맥닐,24EP,홀수시,17
오스카르 발렌틴,24EP,홀수시,18
페드로 포로,24EP,홀수시,18
제임스 가너,24EP,홀수시,19
호드리구,24EP,홀수시,19
네우엔 페레스,24EP,홀수시,20
요안 바스케스,24EP,홀수시,20
V. 치한코우,24EP,홀수시,21
비탈리 미콜렌코,24EP,홀수시,21
M. 쿠두스,24EP,홀수시,22
M. 킬먼,24EP,홀수시,22
발랑탕 장드레,24EP,홀수시,23
이반 마르틴,24EP,홀수시,23
투타,24EP,홀수시,24
라울 벨라노바,24EP,홀수시,24
데얀 쿨루세브스키,24EP,홀수시,25
크바라츠헬리아,24EP,홀수시,25
J. 브란스웨이트,24EP,홀수시,26
브루누 기마랑이스,24EP,홀수시,26
수비멘디,24EP,홀수시,27
비비안,24EP,홀수시,27
안젤로 슈틸러,24EP,홀수시,28
브레넌 존슨,24EP,홀수시,28
샤를 드케텔라르,24EP,홀수시,29
A. 콜파니,24EP,홀수시,29
주앙 페드루,24EP,홀수시,30
엔조 미요,24EP,홀수시,30
A. 다우티,24EP,홀수시,31
다르윈 누녜스,24EP,홀수시,31
M. 바이어,24EP,홀수시,32
M. 카이세도,24EP,홀수시,32
L. 사마르지치,24EP,홀수시,33
니코 윌리암스,24EP,홀수시,33
L. 네츠,24EP,홀수시,34
A. 슈타흐,24EP,홀수시,34
알렉스 바에나,24EP,홀수시,35
A. 엘랑가,24EP,홀수시,35
E. 딩크치,24EP,홀수시,36
A. 캄비아소,24EP,홀수시,36
니콜라스 잭슨,24EP,홀수시,37
R. 호일룬,24EP,홀수시,37
M. 루제리,24EP,홀수시,38
밍게사,24EP,홀수시,38
세르지 카르도나,24EP,홀수시,39
N. 아투볼루,24EP,홀수시,39
비니시우스 소자,24EP,홀수시,40
디에고 로페스,24EP,홀수시,40
모스케라,24EP,홀수시,41
미카 마르몰,24EP,홀수시,41
에데르송,24EP,홀수시,42
알레한드로 가르나초,24EP,홀수시,42
M. 폴로룬쇼,24EP,홀수시,43
주앙 고메스,24EP,홀수시,43
라민 야말,24EP,홀수시,44
무릴루,24EP,홀수시,44
A. 하지-무사,24UCL,짝수시,59
J. 세이스,24UCL,짝수시,59
N. 사보나,24UCL,홀수시,0
제라르 마르틴,24UCL,홀수시,0
카스퍼 슈마이켈,24UCL,홀수시,0
마누엘 노이어,24UCL,홀수시,0
시몽 미뇰레,24UCL,홀수시,0
루카 모드리치,24UCL,홀수시,1
악셀 비첼,24UCL,홀수시,1
얀 조머,24UCL,홀수시,1
앙헬 디마리아,24UCL,홀수시,1
일카이 귄도안,24UCL,홀수시,1
레반도프스키,24UCL,홀수시,2
토마스 뮐러,24UCL,홀수시,2
뤼크 더용,24UCL,홀수시,2
뱅자맹 앙드레,24UCL,홀수시,2
파스칼 그로스,24UCL,홀수시,2
L. 흐라데츠키,24UCL,홀수시,3
티보 쿠르투아,24UCL,홀수시,3
니콜라스 오타멘디,24UCL,홀수시,3
헨릭 미키타리안,24UCL,홀수시,3
케빈 더브라위너,24UCL,홀수시,3
후안 콰드라도,24UCL,홀수시,4
레미 카벨라,24UCL,홀수시,4
코케,24UCL,홀수시,4
앙투안 그리즈만,24UCL,홀수시,4
스테판 더브레이,24UCL,홀수시,4
그라니트 자카,24UCL,홀수시,5
G. 트라우너,24UCL,홀수시,5
마르코 비조트,24UCL,홀수시,5
한스 바나컨,24UCL,홀수시,5
얀 오블라크,24UCL,홀수시,5
뤼카 디뉴,24UCL,홀수시,6
아이사 만디,24UCL,홀수시,6
M. 아이다라,24UCL,홀수시,6
해리 케인,24UCL,홀수시,6
토마 뫼니에,24UCL,홀수시,7
에미 마르티네스,24UCL,홀수시,7
버질 반다이크,24UCL,홀수시,7
존 스톤스,24UCL,홀수시,7
케니 랄라,24UCL,홀수시,7
이니고 마르티네스,24UCL,홀수시,8
마르셀 자비처,24UCL,홀수시,8
안토니오 뤼디거,24UCL,홀수시,8
세르주 그나브리,24UCL,홀수시,8
잭 그릴리시,24UCL,홀수시,8
레안드로 트로사르,24UCL,홀수시,9
마르키뉴스,24UCL,홀수시,9
세아드 콜라시나츠,24UCL,홀수시,9
하칸 찰하놀루,24UCL,홀수시,9
베라트 짐시티,24UCL,홀수시,9
엠레 잔,24UCL,홀수시,10
마르턴 더론,24UCL,홀수시,10
루카스 바스케스,24UCL,홀수시,10
네이선 아케,24UCL,홀수시,10
모하메드 살라,24UCL,홀수시,10
레온 고레츠카,24UCL,홀수시,11
하파엘 게헤이루,24UCL,홀수시,11
그리말도,24UCL,홀수시,11
에데르송,24UCL,홀수시,11
P. 지엘린스키,24UCL,홀수시,11
존 맥긴,24UCL,홀수시,12
칼럼 맥그레거,24UCL,홀수시,12
니클라스 쥘레,24UCL,홀수시,12
율리안 브란트,24UCL,홀수시,12
브랜던 메헬러,24UCL,홀수시,12
로베르트 안드리히,24UCL,홀수시,13
로드리고 데폴,24UCL,홀수시,13
요주아 키미히,24UCL,홀수시,13
알리송,24UCL,홀수시,13
요나탄 타,24UCL,홀수시,13
킹슬레 코망,24UCL,홀수시,14
루벤 로프터스-칙,24UCL,홀수시,14
앙헬 코레아,24UCL,홀수시,14
왈테르 베니테스,24UCL,홀수시,14
브렌단 샤도네,24UCL,홀수시,14
세루 기라시,24UCL,홀수시,14
E. 페르난데스,24UCL,홀수시,15
마이크 메냥,24UCL,홀수시,15
다비데 차파코스타,24UCL,홀수시,15
앤드루 로버트슨,24UCL,홀수시,15
유리 틸레만스,24UCL,홀수시,15
베르나르두 실바,24UCL,홀수시,16
뤼도비크 아조르크,24UCL,홀수시,16
클레망 랑글레,24UCL,홀수시,16
다비드 라야,24UCL,홀수시,16
올리 왓킨스,24UCL,홀수시,17
마누엘 로카텔리,24UCL,홀수시,17
브릴 엠볼로,24UCL,홀수시,17
리로이 사네,24UCL,홀수시,17
마르틴 외데고르,24UCL,홀수시,17
마리오 파샬리치,24UCL,홀수시,18
T. 벨렌로이터,24UCL,홀수시,18
라미 벤세바이니,24UCL,홀수시,18
니콜로 바렐라,24UCL,홀수시,18
미켈 메리노,24UCL,홀수시,18
콘라트 라이머,24UCL,홀수시,19
알렉산드르 골로빈,24UCL,홀수시,19
O. 보스카글리,24UCL,홀수시,19
마르코스 요렌테,24UCL,홀수시,19
틸로 케러,24UCL,홀수시,19
F. 디마르코,24UCL,홀수시,20
파비안 루이스,24UCL,홀수시,20
그레그 테일러,24UCL,홀수시,20
미나미노 다쿠미,24UCL,홀수시,20
뱅자맹 파바르,24UCL,홀수시,20
매티 캐시,24UCL,홀수시,21
에즈리 콘사,24UCL,홀수시,21
크리스천 풀리식,24UCL,홀수시,21
황인범,24UCL,홀수시,21
마르쿠스 튀람,24UCL,홀수시,21
C. 카터-비커스,24UCL,홀수시,22
페를랑 멘디,24UCL,홀수시,22
프렝키 더용,24UCL,홀수시,22
알레시 가르시아,24UCL,홀수시,22
V. 파블리디스,24UCL,홀수시,23
마누엘 아칸지,24UCL,홀수시,23
데니스 자카리아,24UCL,홀수시,23
팔리냐,24UCL,홀수시,23
발데마르 안톤,24UCL,홀수시,23
다요 우파메카노,24UCL,홀수시,24
J. 리에르손,24UCL,홀수시,24
레온 베일리,24UCL,홀수시,24
피에르 리-멜루,24UCL,홀수시,24
잔루이지 돈나룸마,24UCL,홀수시,24
가브리엘 제주스,24UCL,홀수시,24
아데몰라 루크먼,24UCL,홀수시,25
T. 알렉산더-아놀드,24UCL,홀수시,25
태미 에이브러햄,24UCL,홀수시,25
우스만 뎀벨레,24UCL,홀수시,25
라우타로,24UCL,홀수시,25
E. 팔라시오스,24UCL,홀수시,25
하비 갈란,24UCL,홀수시,26
로맹 델카스티요,24UCL,홀수시,26
킬리안 음바페,24UCL,홀수시,26
F. 아우르스네스,24UCL,홀수시,26
벤 화이트,24UCL,홀수시,26
K. 치미카스,24UCL,홀수시,26
카이우 엔히키,24UCL,홀수시,26
가브리엘,24UCL,홀수시,27
피카요 토모리,24UCL,홀수시,27
M. 페레이라 라지,24UCL,홀수시,27
나우엘 몰리나,24UCL,홀수시,27
덴젤 둠프리스,24UCL,홀수시,27
하피냐,24UCL,홀수시,27
파트리크 시크,24UCL,홀수시,27
데클런 라이스,24UCL,홀수시,28
알폰소 데이비스,24UCL,홀수시,28
플로렌티누,24UCL,홀수시,28
그레고르 코벨,24UCL,홀수시,28
예르디 스하우턴,24UCL,홀수시,28
R. 마이에츠키,24UCL,홀수시,28
휘스 틸,24UCL,홀수시,29
A. 트러스티,24UCL,홀수시,29
카이 하베르츠,24UCL,홀수시,29
M. 디 그레고리오,24UCL,홀수시,29
D. 소보슬러이,24UCL,홀수시,29
G. 구드문드손,24UCL,홀수시,29
부바카르 카마라,24UCL,홀수시,29
김민재,24UCL,홀수시,30
네이선 텔러,24UCL,홀수시,30
A. 바스토니,24UCL,홀수시,30
이브라히마 코나테,24UCL,홀수시,30
필 포든,24UCL,홀수시,30
마마 발데,24UCL,홀수시,30
코너 갤러거,24UCL,홀수시,30
H. 베틀레센,24UCL,홀수시,31
웨스턴 매케니,24UCL,홀수시,31
비니시우스,24UCL,홀수시,31
페데리코 발베르데,24UCL,홀수시,31
엘링 홀란,24UCL,홀수시,31
미첼 바커르,24UCL,홀수시,31
노아 랑,24UCL,홀수시,31
에돈 제그로바,24UCL,홀수시,32
D. 프라테시,24UCL,홀수시,32
후벵 디아스,24UCL,홀수시,32
A. 마칼리스테르,24UCL,홀수시,32
니콜라스 퀸,24UCL,홀수시,32
에데르 밀리탕,24UCL,홀수시,32
마테오 가비아,24UCL,홀수시,33
에인절 고메스,24UCL,홀수시,33
T. 레인더르스,24UCL,홀수시,33
퇸 코프메이너르스,24UCL,홀수시,33
케빈 켈레허,24UCL,홀수시,33
페드루 곤살베스,24UCL,홀수시,33
루이스 디아스,24UCL,홀수시,33
페란 토레스,24UCL,홀수시,33
파우 토레스,24UCL,홀수시,33
쥘 쿤데,24UCL,홀수시,34
티머시 웨아,24UCL,홀수시,34
마우루 주니오르,24UCL,홀수시,34
A. 추아메니,24UCL,홀수시,34
빅토르 예케레스,24UCL,홀수시,34
하파엘 레앙,24UCL,홀수시,34
Y. 비세크,24UCL,홀수시,35
메흐디 타레미,24UCL,홀수시,35
마테오 레테기,24UCL,홀수시,35
H. 모리타,24UCL,홀수시,35
커티스 존스,24UCL,홀수시,35
코디 각포,24UCL,홀수시,35
M. 코바르시,24UCL,홀수시,35
오르쿤 쾨크취,24UCL,홀수시,36
조너선 데이비드,24UCL,홀수시,36
마디 카마라,24UCL,홀수시,36
윌리암 살리바,24UCL,홀수시,36
이강인,24UCL,홀수시,36
호드리구,24UCL,홀수시,36
다니 올모,24UCL,홀수시,36
위고 마뉴티,24UCL,홀수시,37
모르텐 휠만,24UCL,홀수시,37
트린캉,24UCL,홀수시,37
S. 히메네스,24UCL,홀수시,37
알렉산더 바,24UCL,홀수시,37
유수프 포파나,24UCL,홀수시,37
R. 흐라벤베르흐,24UCL,홀수시,37
이냐키 페냐,24UCL,홀수시,38
새뮤얼 추쿠에제,24UCL,홀수시,38
훌리안 알바레스,24UCL,홀수시,38
마에다 다이젠,24UCL,홀수시,38
제레미 도쿠,24UCL,홀수시,38
두샨 블라호비치,24UCL,홀수시,38
오삼 사라우이,24UCL,홀수시,38
B. 디아키테,24UCL,홀수시,39
프란 가르시아,24UCL,홀수시,39
부카요 사카,24UCL,홀수시,39
펠릭스 은메차,24UCL,홀수시,39
오딜롱 코수누,24UCL,홀수시,39
제이컵 램지,24UCL,홀수시,39
리엄 스케일스,24UCL,홀수시,39
다비드 한츠코,24UCL,홀수시,40
에메르송 로얄,24UCL,홀수시,40
라울 벨라노바,24UCL,홀수시,40
K. 튀람,24UCL,홀수시,40
에드몽 탑소바,24UCL,홀수시,40
V. 보니페이스,24UCL,홀수시,40
N. 슐로터베크,24UCL,홀수시,41
M. 올리세,24UCL,홀수시,41
E. 카마빙가,24UCL,홀수시,41
이안 마트선,24UCL,홀수시,41
A. 트루빈,24UCL,홀수시,41
사무엘 리누,24UCL,홀수시,41
샤를 드케텔라르,24UCL,홀수시,41
M. 더카위퍼,24UCL,홀수시,42
그바르디올,24UCL,홀수시,42
가브리엘 마르티넬리,24UCL,홀수시,42
뤼카 슈발리에,24UCL,홀수시,42
위리엔 팀버,24UCL,홀수시,42
Q. 팀버,24UCL,홀수시,42
카림 아데예미,24UCL,홀수시,42
페드리,24UCL,홀수시,43
J. 카발,24UCL,홀수시,43
누누 멘데스,24UCL,홀수시,43
M. 카르네세키,24UCL,홀수시,43
주드 벨링엄,24UCL,홀수시,43
윌프리드 싱고,24UCL,홀수시,43
다르윈 누녜스,24UCL,홀수시,43
마테우스 누네스,24UCL,홀수시,44
제레미 프림퐁,24UCL,홀수시,44
Y. 무사,24UCL,홀수시,44
G. 시메오네,24UCL,홀수시,44
M. 바이어,24UCL,홀수시,44
Z. 드바스트,24UCL,홀수시,44
M. 아라우호,24UCL,홀수시,44
A. 아들리,24UCL,홀수시,45
비티냐,24UCL,홀수시,45
P. 칼룰루,24UCL,홀수시,45
R. 하타테,24UCL,홀수시,45
A. 존스턴,24UCL,홀수시,45
L. 사마르지치,24UCL,홀수시,45
W. 파초,24UCL,홀수시,45
P. 인카피에,24UCL,홀수시,46
M. 티아우,24UCL,홀수시,46
플로리안 비르츠,24UCL,홀수시,46
무시알라,24UCL,홀수시,46
M. 틸만,24UCL,홀수시,46
C. 졸리스,24UCL,홀수시,46
A. 오나나,24UCL,홀수시,46
곤살루 이나시우,24UCL,홀수시,47
A. 야샤리,24UCL,홀수시,47
R. 칼라피오리,24UCL,홀수시,47
K. 아크튀르콜루,24UCL,홀수시,47
카를루스 아우구스투,24UCL,홀수시,47
A. 캄비아소,24UCL,홀수시,47
I. 사이바리,24UCL,홀수시,47
M. 루제리,24UCL,홀수시,48
A. 시마,24UCL,홀수시,48
M. 로저스,24UCL,홀수시,48
I. 히엔,24UCL,홀수시,48
프란시스쿠 콘세이상,24UCL,홀수시,48
우고 부에노,24UCL,홀수시,48
S. 쿨리발리,24UCL,홀수시,49
J. 르카르디날,24UCL,홀수시,49
Z. 암두니,24UCL,홀수시,49
R. 오니에디카,24UCL,홀수시,49
발데,24UCL,홀수시,49
A. 밀람보,24UCL,홀수시,49
T. 베일런,24UCL,홀수시,50
반데르송,24UCL,홀수시,50
가비,24UCL,홀수시,50
C. 브래들리,24UCL,홀수시,50
A. 귈레르,24UCL,홀수시,50
B. 바르콜라,24UCL,홀수시,50
M. 아킬로셰,24UCL,홀수시,50
J. 바카요코,24UCL,홀수시,50
J. 키비오르,24UCL,홀수시,51
주트글라,24UCL,홀수시,51
J. 바이노-기튼스,24UCL,홀수시,51
토마스 아라우제,24UCL,홀수시,51
제니 카타무,24UCL,홀수시,51
에데르송,24UCL,홀수시,51
F. 가티,24UCL,홀수시,51
K. 둠비아,24UCL,홀수시,52
J. 오르도녜즈,24UCL,홀수시,52
알바로 카레라스,24UCL,홀수시,52
알렉산드루,24UCL,홀수시,52
F. 이스라엘,24UCL,홀수시,52
사비뉴,24UCL,홀수시,52
O. 디오만데,24UCL,홀수시,52
R. 플라밍고,24UCL,홀수시,53
W. 자이르-에머리,24UCL,홀수시,53
이고르 파이샹,24UCL,홀수시,53
R. 루이스,24UCL,홀수시,53
파블로 바리오스,24UCL,홀수시,53
엔드리크,24UCL,홀수시,53
마르크 카사도,24UCL,홀수시,53
E. 벤세기르,24UCL,홀수시,54
주앙 네베스,24UCL,홀수시,54
A. 엥얼스,24UCL,홀수시,54
N. 무카우,24UCL,홀수시,54
L. 카마라,24UCL,홀수시,54
M. 페르난데스-파르도,24UCL,홀수시,54
페르민,24UCL,홀수시,54
카일 워커,24UCL,홀수시,55
마테오 코바치치,24UCL,홀수시,55
라민 야말,24UCL,홀수시,55
K. 일디즈,24UCL,홀수시,55
파우 쿠바르시,24UCL,홀수시,55
A. 부아디,24UCL,홀수시,55
제오바니 켄다,24UCL,홀수시,55
J. 히메네스,24UCL,홀수시,56
R. 카르스도르프,24UCL,홀수시,56
E. 부엔디아,24UCL,홀수시,56
노르디 무키엘레,24UCL,홀수시,56
B. 니우코프,24UCL,홀수시,56
브라힘,24UCL,홀수시,56
마커스 래시포드,24UCL,홀수시,56
R. 콜로 무아니,24UCL,홀수시,56
크바라츠헬리아,24UCL,홀수시,57
조이 베이르만,24UCL,홀수시,57
S. 파블로비치,24UCL,홀수시,57
오마르 마르무시,24UCL,홀수시,57
G. 스말,24UCL,홀수시,57
K. 아슬라니,24UCL,홀수시,57
M. 비에레트,24UCL,홀수시,57
안토니우 실바,24UCL,홀수시,57
D. 두에,24UCL,홀수시,57
A. 파블로비치,24UCL,홀수시,57
A. 후사노브,24UCL,홀수시,57
데이비드 베컴,ICONTM,짝수시,0
로베르토 바조,ICONTM,짝수시,0
클라렌스 세이도르프,ICONTM,짝수시,0
티에리 앙리,ICONTM,짝수시,0
클로드 마켈렐레,ICONTM,짝수시,0
미하엘 발락,ICONTM,짝수시,0
히바우두,ICONTM,짝수시,0
잔루카 잠브로타,ICONTM,짝수시,0
프랭크 램파드,ICONTM,짝수시,0
다비드 트레제게,ICONTM,짝수시,0
리오 퍼디난드,ICONTM,짝수시,0
스티븐 제라드,ICONTM,짝수시,0
마이클 에시앙,ICONTM,짝수시,0
웨인 루니,ICONTM,짝수시,0
네마냐 비디치,ICONTM,짝수시,0
우고 산체스,ICONTM,짝수시,0
카를루스 아우베르투,ICONTM,짝수시,0
로날트 쿠만,ICONTM,짝수시,0
요한 크루이프,ICONTM,짝수시,0
소크라테스,ICONTM,짝수시,0
에우제비우,ICONTM,짝수시,0
이언 러시,ICONTM,짝수시,0
이언 라이트,ICONTM,짝수시,0
델피에로,ICONTM,짝수시,0
페트르 체흐,ICONTM,짝수시,0
필립 람,ICONTM,짝수시,0
페렌츠 푸스카스,ICONTM,짝수시,0
지네딘 지단,ICONTM,짝수시,0
카푸,ICONTM,짝수시,0
카시야스,ICONTM,짝수시,0
로빈 반페르시,ICONTM,짝수시,0
사뮈엘 에토,ICONTM,짝수시,0
차비,ICONTM,짝수시,0
호나우지뉴,ICONTM,짝수시,0
애슐리 콜,ICONTM,짝수시,0
박지성,ICONTM,짝수시,0
샤비 알론소,ICONTM,짝수시,0
라울,ICONTM,짝수시,0
페르난도 토레스,ICONTM,짝수시,0
B. 슈바인슈타이거,ICONTM,짝수시,0
에릭 칸토나,ICONTM,짝수시,0
펠레,ICONTM,짝수시,0
게르트 뮐러,ICONTM,짝수시,0
페터 슈마이켈,ICONTM,짝수시,0
차범근,ICONTM,짝수시,0
케니 달글리시,ICONTM,짝수시,0
앨런 시어러,ICONTM,짝수시,0
로이 킨,ICONTM,짝수시,0
폴 스콜스,ICONTM,짝수시,0
솔 캠벨,ICONTM,짝수시,0
제이-제이 오코차,ICONTM,짝수시,0
후이 코스타,ICONTM,짝수시,0
호베르투 카를루스,ICONTM,짝수시,0
하비에르 사네티,ICONTM,짝수시,0
알레산드로 네스타,ICONTM,짝수시,0
파올로 말디니,ICONTM,짝수시,0
마르셀 드사이,ICONTM,짝수시,0
파비오 칸나바로,ICONTM,짝수시,0
잔프랑코 졸라,ICONTM,짝수시,0
파트리크 비에이라,ICONTM,짝수시,0
로베르 피레스,ICONTM,짝수시,0
에마뉘엘 프티,ICONTM,짝수시,0
올레 군나르 솔샤르,ICONTM,짝수시,0
데니스 베르캄프,ICONTM,짝수시,0
젠나로 가투소,ICONTM,짝수시,0
H. 스토이치코프,ICONTM,짝수시,0
마이클 오언,ICONTM,짝수시,0
루이스 피구,ICONTM,짝수시,0
야리 리트마넨,ICONTM,짝수시,0
P. 클라위베르트,ICONTM,짝수시,0
파벨 네드베드,ICONTM,짝수시,0
프레디 융베리,ICONTM,짝수시,0
에르난 크레스포,ICONTM,짝수시,0
베론,ICONTM,짝수시,0
안드레아 피를로,ICONTM,짝수시,0
뤼트 반니스텔로이,ICONTM,짝수시,0
미로슬라프 클로제,ICONTM,짝수시,0
카를레스 푸욜,ICONTM,짝수시,0
안드리 셰우첸코,ICONTM,짝수시,0
나카타 히데토시,ICONTM,짝수시,0
디디에 드로그바,ICONTM,짝수시,0
호나우두,ICONTM,짝수시,0
에드윈 반데르사르,ICONTM,짝수시,0
헨릭 라르손,ICONTM,짝수시,0
카카,ICONTM,짝수시,0
루이스 에르난데스,ICONTM,짝수시,0
프랑크 리베리,ICONTM,짝수시,0
페르난도 이에로,ICONTM,짝수시,0
지쿠,ICONTM,짝수시,0
프랑코 바레시,ICONTM,짝수시,0
보비 무어,ICONTM,짝수시,0
로타어 마테우스,ICONTM,짝수시,0
부트라게뇨,ICONTM,짝수시,0
마르코 반바스텐,ICONTM,짝수시,0
프랑크 레이카르트,ICONTM,짝수시,0
루드 굴리트,ICONTM,짝수시,0
파울루 푸트리,ICONTM,짝수시,0
게리 리네커,ICONTM,짝수시,0
다보르 슈케르,ICONTM,짝수시,0
미카엘 라우드루프,ICONTM,짝수시,0
로랑 블랑,ICONTM,짝수시,0
조지 베스트,ICONTM,짝수시,0
보비 찰턴,ICONTM,짝수시,0
잔루이지 부폰,ICONTM,짝수시,0
릴리앙 튀람,ICONTM,짝수시,0
제이미 캐러거,ICONTM,짝수시,0
가레스 베일,ICONTM,짝수시,0
베켄바우어,ICONTM,짝수시,0
마라도나,ICONTM,짝수시,0
둥가,ICONTM,짝수시,0
올리버 비어호프,ICONTM,짝수시,0
가린샤,ICONTM,짝수시,1
게오르게 하지,ICONTM,짝수시,1
존 반스,ICONTM,짝수시,2